title,company,location,link
Quantitative Analyst,Farm Credit Services of America,"Omaha, NE",https://www.indeed.com/jobs?q=qython&limit=50&vjk=20683ffcce67497b
Python Developer - Pyspark,Vision,"Plano, TX",https://www.indeed.com/jobs?q=qython&limit=50&vjk=f60f9a8317121feb
Summer 2021 - Software Engineering Intern,Workiva,"Ames, IA",https://www.indeed.com/jobs?q=qython&limit=50&vjk=362eff969c7ff22d
Python ETL Developer,Athene,"West Des Moines, IA",https://www.indeed.com/jobs?q=qython&limit=50&vjk=41c89d3eada811f6
Data Scientist - Entry Level,Numerdox,"Sacramento, CA",https://www.indeed.com/jobs?q=qython&limit=50&vjk=3dde0133818987f0
Associate Security Consultant - Entry Level 2021,"FireEye, Inc.","Denver, CO",https://www.indeed.com/jobs?q=qython&limit=50&vjk=9c6d23c376480919
Entry Level Software Engineer,Toyota Connected North America,"Plano, TX",https://www.indeed.com/jobs?q=qython&limit=50&vjk=4a6f6d5f7c9af731
Data Analyst Intern (Summer 2021),Panasonic Corporation of North America,"Denver, CO",https://www.indeed.com/jobs?q=qython&limit=50&vjk=882450bf3eb30b50
Jr. Trading & Operations Associate,Artemis Capital Management,"Austin, TX",https://www.indeed.com/jobs?q=qython&limit=50&vjk=96db76e8b3339f03
Python Developer,Advithri Technologies,"Tampa, FL",https://www.indeed.com/jobs?q=qython&limit=50&vjk=2389159316ecab3c
Entry Level Python Developer,Core Soft Tech,"Santa Clara, CA",https://www.indeed.com/jobs?q=qython&limit=50&vjk=ed74ca4d135eaedb
Autopilot - Deep Learning Internship (Summer 2021),Tesla,"Palo Alto, CA",https://www.indeed.com/jobs?q=qython&limit=50&vjk=e8ca5651c773947b
Python/Django Developer,Firstech LLC,"Kent, WA",https://www.indeed.com/jobs?q=qython&limit=50&vjk=f921706ee5188faa
Python Developer Data Analyst,Anderson Optimization,"Boulder, CO",https://www.indeed.com/jobs?q=qython&limit=50&vjk=58a24b811c402b2e
Statistical Associate,Spreetail,"Omaha, NE",https://www.indeed.com/jobs?q=qython&limit=50&vjk=9ec6baaf44f08377
Python Developer Intern,OXO Solutions,"Ruby, SC",https://www.indeed.com/jobs?q=qython&limit=50&vjk=84a541c104b5b24c
Python Developer with 4G/LTE/5G(100% Remote),keywordsolutions,Remote,https://www.indeed.com/jobs?q=qython&limit=50&vjk=af94e04106f5694a
Part Time Python / Django Developer,The Glue,Remote,https://www.indeed.com/jobs?q=qython&limit=50&vjk=887ca5cf3b9ba8c0
Python Developer (AI),Kordspace,"Denver, CO",https://www.indeed.com/jobs?q=qython&limit=50&vjk=e93e6a9ea4b63929
Data Scientist (REMOTE),Neal Analytics,"Redmond, WA",https://www.indeed.com/jobs?q=qython&limit=50&vjk=82b23b23efa2e6dd
Senior Python Developer,Kani Solutions Inc.,"Austin, TX",https://www.indeed.com/jobs?q=qython&limit=50&vjk=1036a32192f8ce7f
Final Assembly ME,John Deere,"Ankeny, IA",https://www.indeed.com/jobs?q=qython&limit=50&vjk=4f953bb6549ddf4d
Python Developer,Crunch,"Kansas City, MO",https://www.indeed.com/jobs?q=qython&limit=50&vjk=00fc709627751a59
AWS/Python Software Developer,AeroPay,"Chicago, IL",https://www.indeed.com/jobs?q=qython&limit=50&vjk=97f08aecf18a782f
Data Science Intern,Galvanize Inc.,"Denver, CO",https://www.indeed.com/jobs?q=qython&limit=50&vjk=fe26af4ea021d460
IT SPECIALIST (INFOSEC/APPSW),US Department of Defense,"Offutt AFB, NE",https://www.indeed.com/jobs?q=qython&limit=50&vjk=f19e465a29122360
Data Analyst (Entry Level),BTP,"Weston, FL",https://www.indeed.com/jobs?q=qython&limit=50&vjk=6ed39072a9b33e0f
Quality Assurance Engineer,"RightHook, Inc.",Remote,https://www.indeed.com/jobs?q=qython&limit=50&vjk=1ca4ed97794c3560
Technology Internship Program,Engineers Gate,Remote,https://www.indeed.com/jobs?q=qython&limit=50&vjk=debdd740b190e94e
Python Django Developer,Koinonia Family Services,Remote,https://www.indeed.com/jobs?q=qython&limit=50&vjk=ca38db9875117f09
Mid-Level Python Developer,HEXACT,Remote,https://www.indeed.com/jobs?q=qython&limit=50&vjk=b38c72a0024ad418
Associate/Senior Associate Marketing Analytics & Reporting,Mutual of Omaha,"Omaha, NE",https://www.indeed.com/jobs?q=qython&limit=50&vjk=f87043259bad2b3c
39878,Zachary Piper Solutions LLC,Remote,https://www.indeed.com/jobs?q=qython&limit=50&vjk=9dfd34b97abe766a
Python Developer,Luxoft,"Middletown, NJ",https://www.indeed.com/jobs?q=qython&limit=50&vjk=de46680b0aa687e8
Senior Python Developer,World.com,"New York, NY",https://www.indeed.com/jobs?q=qython&limit=50&vjk=4f72d2da64040988
Data Analytics Internship (Summer 2021),Principal Financial Group,"Des Moines, IA",https://www.indeed.com/jobs?q=qython&limit=50&vjk=23ff894a10bc9b2a
Entry Level Software Engineer - Kiewit Data Services (2021),Kiewit Corporation,Remote,https://www.indeed.com/jobs?q=qython&limit=50&vjk=ef762957ff1dbd28
Expedition Week Workshop Host,Griffin Technology Academies,Remote,https://www.indeed.com/jobs?q=qython&limit=50&vjk=8c6c1bab8ae9c1d7
Intelligence Analyst,Inter-Con Security Systems,Remote,https://www.indeed.com/jobs?q=qython&limit=50&vjk=ff15c1f66e0f49bb
"Intern, Player Development",The Seattle Mariners Baseball Club,"Seattle, WA",https://www.indeed.com/jobs?q=qython&limit=50&vjk=b50eaf0792c51d63
Entry Level Content Engineer - Kiewit Data Services (2021),Kiewit Corporation,Remote,https://www.indeed.com/jobs?q=qython&limit=50&vjk=28c035fd403f7670
Python Developer,MARS Group,"Milwaukee, WI",https://www.indeed.com/jobs?q=qython&limit=50&vjk=1fb0c782e5c4143b
Entry Level Mission Systems Engineer,"Columbus Technologies and Services, Inc.","Pasadena, CA",https://www.indeed.com/jobs?q=qython&limit=50&vjk=2c42f40aca60e283
Operations Coordinator,Custom by Sock Club,"Austin, TX",https://www.indeed.com/jobs?q=qython&limit=50&vjk=aef39e1dde9c719d
Data Analyst - Remote,Progressive,"Mayfield Heights, OH",https://www.indeed.com/jobs?q=qython&limit=50&vjk=80ab6ac98cde621b
Software Developer – Entry Level,Grant Street Group,Remote,https://www.indeed.com/jobs?q=qython&limit=50&vjk=2543a7872e38edb8
PYTHON DEVELOPER,OC10,"Charlotte, NC",https://www.indeed.com/jobs?q=qython&limit=50&vjk=f26b8209c93fdd28
Entry Level Software Development (OPT/STEM) @ Texas,Neo Prism Solutions,"Dallas, TX",https://www.indeed.com/jobs?q=qython&limit=50&vjk=38798152e9152fa5
Power BI Developer,BITECH CONSULTING SERVICES,"Dallas-Fort Worth, TX",https://www.indeed.com/jobs?q=qython&limit=50&vjk=23ba7594cb4eda70
Python Developer,HiPaaS Inc,"Pleasanton, CA",https://www.indeed.com/jobs?q=qython&limit=50&vjk=ffce22e9996165c4
Data Linguist-II,Amazon.com Services LLC,"Cambridge, MA",https://www.indeed.com/jobs?q=qython&limit=50&vjk=e157579bf793116a
Software Engineer – Entry level,SAIC,"Omaha, NE",https://www.indeed.com/jobs?q=qython&limit=50&vjk=dffced4a3c335b8c
Part Time Python / Django Developer,The Glue,Remote,https://www.indeed.com/jobs?q=qython&limit=50&vjk=887ca5cf3b9ba8c0
Final Assembly ME,John Deere,"Ankeny, IA",https://www.indeed.com/jobs?q=qython&limit=50&vjk=4f953bb6549ddf4d
Entry Level Software Engineer - Kiewit Data Services (2021),Kiewit Corporation,Remote,https://www.indeed.com/jobs?q=qython&limit=50&vjk=ef762957ff1dbd28
Software Engineer - Python,Indeed,Remote,https://www.indeed.com/jobs?q=qython&limit=50&vjk=44be46eeeab77ba8
Python ETL Developer,Athene,"West Des Moines, IA",https://www.indeed.com/jobs?q=qython&limit=50&vjk=41c89d3eada811f6
Virtual Actuarial Analyst Intern,Pekin Insurance,Remote,https://www.indeed.com/jobs?q=qython&limit=50&vjk=b1a91661f0c97165
Data Analytics Internship (Summer 2021),Principal Financial Group,"Des Moines, IA",https://www.indeed.com/jobs?q=qython&limit=50&vjk=23ff894a10bc9b2a
Sr. Internal Controls Manager,Spreetail,"Omaha, NE",https://www.indeed.com/jobs?q=qython&limit=50&vjk=5f2f58e5156988d8
Python Developer,Apptrics LLC,"Irving, TX",https://www.indeed.com/jobs?q=qython&limit=50&vjk=1fd75dfad7f42e62
Python Django Developer,Koinonia Family Services,Remote,https://www.indeed.com/jobs?q=qython&limit=50&vjk=ca38db9875117f09
Quantitative Trader 2021 Q3 Start Date (Entry Level) - Chicago,XR Trading LLC,"Chicago, IL",https://www.indeed.com/jobs?q=qython&limit=50&vjk=facf9142065d18c2
Data Scientist,HTI Labs,"Omaha, NE",https://www.indeed.com/jobs?q=qython&limit=50&vjk=407bdfce2af66518
Service Support Technician,Boys Town,"Omaha, NE",https://www.indeed.com/jobs?q=qython&limit=50&vjk=99247fdf6d119e56
BI Developer,DSMH LLC,"Peoria, IL",https://www.indeed.com/jobs?q=qython&limit=50&vjk=c9900c18f155ebe7
Data Science Intern,Galvanize Inc.,"Denver, CO",https://www.indeed.com/jobs?q=qython&limit=50&vjk=fe26af4ea021d460
Instructional Designer,CodeWizardsHQ,"Omaha, NE",https://www.indeed.com/jobs?q=qython&limit=50&vjk=64ad5ec653dc4804
Associate Security Consultant - Entry Level 2021,"FireEye, Inc.","Denver, CO",https://www.indeed.com/jobs?q=qython&limit=50&vjk=9c6d23c376480919
Python Developer Intern,DevCool Inc.,Remote,https://www.indeed.com/jobs?q=qython&limit=50&vjk=a8958feb8c59aff7
Business Intelligence Analyst,Conagra Brands,"Omaha, NE",https://www.indeed.com/jobs?q=qython&limit=50&vjk=cbadc5dcbaa4e416
Data Science,Nauto,"Palo Alto, CA",https://www.indeed.com/jobs?q=qython&limit=50&vjk=e821f6d2f048b43b
Data Analyst (Seattle or New York),Russell Investments,"Seattle, WA",https://www.indeed.com/jobs?q=qython&limit=50&vjk=c456817dc0184c5a
Sr. Investigative Researcher,PayPal,"Omaha, NE",https://www.indeed.com/jobs?q=qython&limit=50&vjk=9428fcfd4d988c35
Python Developer,Commerx,United States,https://www.indeed.com/jobs?q=qython&limit=50&vjk=4ac786cdc8731b97
Data Science Manager,Indeed,Remote,https://www.indeed.com/jobs?q=qython&limit=50&vjk=00f174ad1fa08990
Entry Level Content Engineer - Kiewit Data Services (2021),Kiewit Corporation,Remote,https://www.indeed.com/jobs?q=qython&limit=50&vjk=28c035fd403f7670
Desktop Technician,"Home Instead, Inc.","Omaha, NE",https://www.indeed.com/jobs?q=qython&limit=50&vjk=adb4c8bff92bb18e
Python Developer - Pyspark,Vision,"Plano, TX",https://www.indeed.com/jobs?q=qython&limit=50&vjk=f60f9a8317121feb
Data Engineer,IT America Inc,Remote,https://www.indeed.com/jobs?q=qython&limit=50&vjk=ad70fc09a9a92f7d
Python Developer,Swan Software Solutions,"Carmel, IN",https://www.indeed.com/jobs?q=qython&limit=50&vjk=32eaa9e1e80e8c5d
Program Analyst,"Fiserv, Inc.","Omaha, NE",https://www.indeed.com/jobs?q=qython&limit=50&vjk=e06fbd31e568f182
Python Developer,Apexa Corp,Remote,https://www.indeed.com/jobs?q=qython&limit=50&vjk=76e0b2b6d0c888b9
Geospatial Analysts,Constellation West,"Offutt AFB, NE",https://www.indeed.com/jobs?q=qython&limit=50&vjk=c7539d44ecc8a0f0
Python Developer,Solutions By Design II,Remote,https://www.indeed.com/jobs?q=qython&limit=50&vjk=15b6a2e996123e79
Data Analytics Analyst I,Boston Scientific Corporation,"Quincy, IL",https://www.indeed.com/jobs?q=qython&limit=50&vjk=e61e44320d791c9b
Entry Level Python Developer,Core Soft Tech,"Santa Clara, CA",https://www.indeed.com/jobs?q=qython&limit=50&vjk=ed74ca4d135eaedb
Python (Scala/Spark) Developer,Deloitte,"Atlanta, GA",https://www.indeed.com/jobs?q=qython&limit=50&vjk=6dd7dfc52e72a940
Python Programmer - Remote / Work from Home,Tithe.ly,United States,https://www.indeed.com/jobs?q=qython&limit=50&vjk=0f5af04ef7e47c2b
SOFTWARE ENGINEER (ENTRY-LEVEL),Bongo,"Loveland, CO",https://www.indeed.com/jobs?q=qython&limit=50&vjk=a0cff02a018273c8
Entry Level Mission Systems Engineer,"Columbus Technologies and Services, Inc.","Pasadena, CA",https://www.indeed.com/jobs?q=qython&limit=50&vjk=2c42f40aca60e283
"Data Scientist - Internal Platforms, Hire Signal",Indeed,Remote,https://www.indeed.com/jobs?q=qython&limit=50&vjk=f272dbdd5dab1a5f
Vulnerability Assessment Analyst,Netskope,"Omaha, NE",https://www.indeed.com/jobs?q=qython&limit=50&vjk=3b6bd4bccfce5a8c
Full Time Opportunities for Students & Recent Graduates - MAIDAP Data Scientist,Microsoft,"Cambridge, MA",https://www.indeed.com/jobs?q=qython&limit=50&vjk=bd2d32a1e6455d95
Senior Python AWS Developer,QSoft Systems,"Plano, TX",https://www.indeed.com/jobs?q=qython&limit=50&vjk=352082518f51bd22
Senior Python Developer,Kani Solutions Inc.,"Austin, TX",https://www.indeed.com/jobs?q=qython&limit=50&vjk=1036a32192f8ce7f
Python/Django Developer,Weems Design Studio,Remote,https://www.indeed.com/jobs?q=qython&limit=50&vjk=62b931a05b0305e7
Data Scientist - Analytics,Acorn Analytics,Remote,https://www.indeed.com/jobs?q=qython&limit=50&vjk=3d5724ad39c214bb
Data Operations Associate,KJT Group Inc,Remote,https://www.indeed.com/jobs?q=qython&limit=50&vjk=eb1906c99bdabec6
Business Analyst,Amazon.com Services LLC,United States,https://www.indeed.com/jobs?q=qython&limit=50&vjk=8b1df61b11d6c473
Senior Software Engineer - Fullstack (Remote),Indeed,"San Francisco, CA",https://www.indeed.com/jobs?q=qython&limit=50&vjk=a76835836972167f
Full Stack Developer,"Jumpgate Solutions, LLC","Des Moines, IA",https://www.indeed.com/jobs?q=qython&limit=50&vjk=fd03caebef5c11ed
Software Engineer Job Management (FE),Indeed,"Austin, TX",https://www.indeed.com/jobs?q=qython&limit=50&vjk=601482580dea11c2
Automation Engineer – Software,Royal Engineered Composites,"Minden, NE",https://www.indeed.com/jobs?q=qython&limit=50&vjk=949399f917492ce8
Software Engineer (C++),Vectorworks Inc.,"Columbia, MD",https://www.indeed.com/jobs?q=qython&limit=50&vjk=52aed31c60a2dec3
Database Manager,Aviagen North America Inc,"Huntsville, AL",https://www.indeed.com/jobs?q=qython&limit=50&vjk=0f322a101f698267
"Data Scientist - Job Seeker, Invitation Quality",Indeed,"Austin, TX",https://www.indeed.com/jobs?q=qython&limit=50&vjk=b2f86cbd3e51c175
DevOps Engineer (Secret Clearance),Kalani Consulting,"Washington, DC",https://www.indeed.com/jobs?q=qython&limit=50&vjk=6078a505b2098b8d
Technology Linguist,"Sensory, Inc","Boulder, CO",https://www.indeed.com/jobs?q=qython&limit=50&vjk=e6dbf680b0931263
Python Developer,TensorIoT Inc,Remote,https://www.indeed.com/jobs?q=qython&limit=50&vjk=2a9f28c91fd360b5
(100% REMOTE) ETL Big Data Developer/Python,Kairos Technologies,Remote,https://www.indeed.com/jobs?q=qython&limit=50&vjk=e570a02a0d5b203b
Python Developer Intern,DevCool Inc.,Remote,https://www.indeed.com/jobs?q=qython&limit=50&vjk=a8958feb8c59aff7
Data Scientist,ForMotiv,Remote,https://www.indeed.com/jobs?q=qython&limit=50&vjk=3a073505d66e400f
Python Developer,Artemis Consulting Inc,"Washington, DC",https://www.indeed.com/jobs?q=qython&limit=50&vjk=e5d40a7f153bef2d
Senior Python AWS Developer,QSoft Systems,"Plano, TX",https://www.indeed.com/jobs?q=qython&limit=50&vjk=352082518f51bd22
Software Developer (Entry Level),"Atonometrics, Inc.","Austin, TX",https://www.indeed.com/jobs?q=qython&limit=50&vjk=950b4b912d892ea4
Quantitative Trader 2021 Q3 Start Date (Entry Level) - Chicago,XR Trading LLC,"Chicago, IL",https://www.indeed.com/jobs?q=qython&limit=50&vjk=facf9142065d18c2
"Data Scientist, CommodityFX Analytics - Agricultural Analytics",McKinsey & Company,"Denver, CO",https://www.indeed.com/jobs?q=qython&limit=50&vjk=801a6d70a0c14890
Quantitative Trader - Entry Level,Avatar Securities,"Chicago, IL",https://www.indeed.com/jobs?q=qython&limit=50&vjk=d01efa8dad29efdc
"Grapher, Activity Specialist","Amplify Education, Inc.",United States,https://www.indeed.com/jobs?q=qython&limit=50&vjk=93c390b422001e1b
Respawn Analytics Intern (Summer 2021),Electronic Arts,"Los Angeles, CA",https://www.indeed.com/jobs?q=qython&limit=50&vjk=0d780dd7c3d2422c
Python Developer,Commerx,United States,https://www.indeed.com/jobs?q=qython&limit=50&vjk=4ac786cdc8731b97
Computational Linguist,Artifact,"Los Angeles, CA",https://www.indeed.com/jobs?q=qython&limit=50&vjk=b44d50c82d8d4cfe
PYTHON DEVELOPER,Pythonwise,"Seattle, WA",https://www.indeed.com/jobs?q=qython&limit=50&vjk=1a20a1c56fb7df73
Sr. Mechanics R and D Associate,Bryant Staffing Solutions,"Hartsville, SC",https://www.indeed.com/jobs?q=qython&limit=50&vjk=bbb4c0f1280f5433
Software Engineer - Python RPA,Post Acute Analytics,"Lewisville, TX",https://www.indeed.com/jobs?q=qython&limit=50&vjk=9bbac57aed240677
Data Analyst with Python Programming,Solytics Partners LLC,Remote,https://www.indeed.com/jobs?q=qython&limit=50&vjk=427c53530ba537f6
Entry Level Cognitive Developer: 2021,IBM,United States,https://www.indeed.com/jobs?q=qython&limit=50&vjk=44e6fd590062830f
Sr. Python Developer,Aptino Inc,"San Ramon, CA",https://www.indeed.com/jobs?q=qython&limit=50&vjk=fb813c3970f5b693
Data Science Intern,Valmont Industries,"Omaha, NE",https://www.indeed.com/jobs?q=qython&limit=50&vjk=33bb68840521ddb2
Analytics Intern,Chubb,United States,https://www.indeed.com/jobs?q=qython&limit=50&vjk=31192e54adfa22f4
Python Developer,DataLab USA,"Germantown, MD",https://www.indeed.com/jobs?q=qython&limit=50&vjk=094131052c6931a3
Python Chatbot Developer - 100% Remote,eTek IT Service | Savvysol,Remote,https://www.indeed.com/jobs?q=qython&limit=50&vjk=f9c4027d54828c68
Python Developer Intern for Data Startup,developerDB,"Sunnyvale, CA",https://www.indeed.com/jobs?q=qython&limit=50&vjk=51cf5c04f43b0e9c
Python Developer,Cystems Logic Inc.,"Mountain View, CA",https://www.indeed.com/jobs?q=qython&limit=50&vjk=c2613fe16582ed85
Indexing Intern,Invesco,"Boston, MA",https://www.indeed.com/jobs?q=qython&limit=50&vjk=b48673fc871bd55a
Software Engineer Intern,PayPal,"Omaha, NE",https://www.indeed.com/jobs?q=qython&limit=50&vjk=2f3de9bc7a9eae76
Fermentation Technology Lead,Cargill,"Blair, NE",https://www.indeed.com/jobs?q=qython&limit=50&vjk=c7a7d1d7d540b11a
Research Scientist (Thin Film Research),KLA-Tencor,"Ann Arbor, MI",https://www.indeed.com/jobs?q=qython&limit=50&vjk=c6ed798d46ddff1b
Python Developer,3I Associates,"San Diego, CA",https://www.indeed.com/jobs?q=qython&limit=50&vjk=bec05bf31d9c8a6d
Python Developer,Hashout Technologies,"Centreville, VA",https://www.indeed.com/jobs?q=qython&limit=50&vjk=eb3b7514ed7cc3c1
Python Developer,KIBO,"Denver, CO",https://www.indeed.com/jobs?q=qython&limit=50&vjk=57ce1786e9a476b7
Python Developer,Nava Software Solutions LLC,"Houston, TX",https://www.indeed.com/jobs?q=qython&limit=50&vjk=e9f42b2faddf320a
"Data Science Internship, Zoro",Zoro Tools,"Chicago, IL",https://www.indeed.com/jobs?q=qython&limit=50&vjk=56f0dc7308f7d88b
SOFTWARE ENGINEER (ENTRY-LEVEL),Bongo,"Loveland, CO",https://www.indeed.com/jobs?q=qython&limit=50&vjk=a0cff02a018273c8
IAM Analyst,Deloitte,"Omaha, NE",https://www.indeed.com/jobs?q=qython&limit=50&vjk=e0555b166781ba57
Service Support Technician,Boys Town,"Omaha, NE",https://www.indeed.com/jobs?q=qython&limit=50&vjk=99247fdf6d119e56
Applied Biomechanics Researcher,Apple,"Santa Clara Valley, CA",https://www.indeed.com/jobs?q=qython&limit=50&vjk=042510ff0d38e7dc
ETL Developer with Python - Need GC or CZ only,Simplex Info,Remote,https://www.indeed.com/jobs?q=qython&limit=50&vjk=f9474a50a3622732
Java / Python Tutors,"SAM Consulting Services, Inc.","New York, NY",https://www.indeed.com/jobs?q=qython&limit=50&vjk=6dd414e5bf2653aa
Sr. Software Engineer (AWS) AND Python,Ursi Technologies Inc,"Atlanta, GA",https://www.indeed.com/jobs?q=qython&limit=50&vjk=d1704d928bb159d0
"Analyst Development Program - Boston, MA (July or September 2021)",Liberty Mutual Insurance,"Boston, MA",https://www.indeed.com/jobs?q=qython&limit=50&vjk=b45df9043e0a69b2
Data Science Manager,Indeed,Remote,https://www.indeed.com/jobs?q=qython&limit=50&vjk=00f174ad1fa08990
Software Engineer Intern (Summer 2021),Panasonic Corporation of North America,"Denver, CO",https://www.indeed.com/jobs?q=qython&limit=50&vjk=5bd634bd4832cc9a
Spring Internship Program – Business Analyst Interns,Bigge Crane and Rigging Co.,"Chicago, IL",https://www.indeed.com/jobs?q=qython&limit=50&vjk=f9c44d75bf0e6d6c
Python Engineer,Intone Networks,"Dallas, TX",https://www.indeed.com/jobs?q=qython&limit=50&vjk=1f73f85954912839
"Sr Data Engineer role in San Antonio,TX",SPR Software systems LLC,"San Antonio, TX",https://www.indeed.com/jobs?q=qython&limit=50&vjk=15d486889440a3e5
Pixar Undergraduate Program (PUP) - Summer 2021,Disney,"Emeryville, CA",https://www.indeed.com/jobs?q=qython&limit=50&vjk=c24bb8554ac3537b
PYTHON SOFTWARE ENGINEER-DEEP LEARNING,InspiHER Tech,United States,https://www.indeed.com/jobs?q=qython&limit=50&vjk=3dd6c509667887e7
Java / Python Tutors,"SAM Consulting Services, Inc.","New York, NY",https://www.indeed.com/jobs?q=qython&limit=50&vjk=6dd414e5bf2653aa
Sr. Software Engineer (AWS) AND Python,Ursi Technologies Inc,"Atlanta, GA",https://www.indeed.com/jobs?q=qython&limit=50&vjk=d1704d928bb159d0
"Analyst Development Program - Boston, MA (July or September 2021)",Liberty Mutual Insurance,"Boston, MA",https://www.indeed.com/jobs?q=qython&limit=50&vjk=b45df9043e0a69b2
Data Science Manager,Indeed,Remote,https://www.indeed.com/jobs?q=qython&limit=50&vjk=00f174ad1fa08990
Software Engineer Intern (Summer 2021),Panasonic Corporation of North America,"Denver, CO",https://www.indeed.com/jobs?q=qython&limit=50&vjk=5bd634bd4832cc9a
Python Engineer,Intone Networks,"Dallas, TX",https://www.indeed.com/jobs?q=qython&limit=50&vjk=1f73f85954912839
"Sr Data Engineer role in San Antonio,TX",SPR Software systems LLC,"San Antonio, TX",https://www.indeed.com/jobs?q=qython&limit=50&vjk=15d486889440a3e5
Pixar Undergraduate Program (PUP) - Summer 2021,Disney,"Emeryville, CA",https://www.indeed.com/jobs?q=qython&limit=50&vjk=c24bb8554ac3537b
PYTHON SOFTWARE ENGINEER-DEEP LEARNING,InspiHER Tech,United States,https://www.indeed.com/jobs?q=qython&limit=50&vjk=3dd6c509667887e7
Assistant Analyst (multiple),US Legislative Branch,"Washington, DC",https://www.indeed.com/jobs?q=qython&limit=50&vjk=a5c35af516a961b3
Python Developer (Spark) - W2/ Fulltime,Spotline Inc,Remote,https://www.indeed.com/jobs?q=qython&limit=50&vjk=827881b3b0f34742
Junior Appian Developer,Bits In Glass,"Denver, CO",https://www.indeed.com/jobs?q=qython&limit=50&vjk=c937a6669234a81a
Modeling and Analytics Opportunities - all experience levels,Freddie Mac,"McLean, VA",https://www.indeed.com/jobs?q=qython&limit=50&vjk=806c952833c2adbd
Virtual Actuarial Analyst Intern,Pekin Insurance,Remote,https://www.indeed.com/jobs?q=qython&limit=50&vjk=b1a91661f0c97165
Entry Level Business Analyst (2+Years Exp),Agama Solutions,Arizona,https://www.indeed.com/jobs?q=qython&limit=50&vjk=e6e644c9c83e253c
Data Scientist,John Deere,Iowa,https://www.indeed.com/jobs?q=qython&limit=50&vjk=fdc38a4328aad6a7
Principal Software Engineer (Java/Python),VividCloud,"Brunswick, ME",https://www.indeed.com/jobs?q=qython&limit=50&vjk=a31a565aee2a1d4a
Software Engineering- Python,"JPMorgan Chase Bank, N.A.","Houston, TX",https://www.indeed.com/jobs?q=qython&limit=50&vjk=4d8d751cf6ce4647
Manual Tester,HCL Americas,"Seattle, WA",https://www.indeed.com/jobs?q=qython&limit=50&vjk=8dfe6b52974150c7
Python Developer,World.com,"New York, NY",https://www.indeed.com/jobs?q=qython&limit=50&vjk=687f240976ebd580
Python Developer,Highbrow-Tech,"Bellevue, WA",https://www.indeed.com/jobs?q=qython&limit=50&vjk=70912d7ae92ee088
Quantitative Analyst,Demand Side Analytics,"Atlanta, GA",https://www.indeed.com/jobs?q=qython&limit=50&vjk=a88cc39dff91e4c2
"MACHINE LEARNING ENGINEER - PYTHON, TENSORFLOW",InspiHER Tech,United States,https://www.indeed.com/jobs?q=qython&limit=50&vjk=a754b1fae51c41d2
Data Scientist,Nordstrom,"Seattle, WA",https://www.indeed.com/jobs?q=qython&limit=50&vjk=f35d096f46d095d6
Internship - Automation Test Engineer,Physicians Mutual,"Omaha, NE",https://www.indeed.com/jobs?q=qython&limit=50&vjk=ab21dae06748f242
"Data Analyst, Performance Management",Facebook,"Austin, TX",https://www.indeed.com/jobs?q=qython&limit=50&vjk=9db7779c8a971fca
Java/Python Support Engineer,ibrain Technologies Inc,"Phoenix, AZ",https://www.indeed.com/jobs?q=qython&limit=50&vjk=702cf9565e474ea5
"Launch Internship, Summer 2021 - Location Flexible",Dropbox,California,https://www.indeed.com/jobs?q=qython&limit=50&vjk=c95324f57292851a
Data Science Intern (Remote),23andMe,California,https://www.indeed.com/jobs?q=qython&limit=50&vjk=3120de68762b2de1
"Epidemiology Research Analyst - Boston, MA Telecommute",UnitedHealth Group,"Boston, MA",https://www.indeed.com/jobs?q=qython&limit=50&vjk=c19364b765acce37
"Software Engineer- Python, CLI & Web, 4G/LTE/5G",Connvertex Technologies Inc.,"Denver, CO",https://www.indeed.com/jobs?q=qython&limit=50&vjk=308c8e972508d631
Data Scientist Intern - Remote,Ellucian,"Chicago, IL",https://www.indeed.com/jobs?q=qython&limit=50&vjk=6d01dd9370549d5b
Biostatistician Intern (Remote),23andMe,California,https://www.indeed.com/jobs?q=qython&limit=50&vjk=f2e191439e7d9cf9
Jr Python Developer,Digital Dhara,"San Jose, CA",https://www.indeed.com/jobs?q=qython&limit=50&vjk=eca484d5fe467fca
Geographer,World Bank Group,"Washington, DC",https://www.indeed.com/jobs?q=qython&limit=50&vjk=231e3032523d1763
Sr Data Application Engineer - 3277,ProFocus,"Beaverton, OR",https://www.indeed.com/jobs?q=qython&limit=50&vjk=f0ed439bbb2f0f2c
Director,Iowa Democratic Party,"Des Moines, IA",https://www.indeed.com/jobs?q=qython&limit=50&vjk=a59f15686772e3f4
FinTech Start Up looking for Operations Intern - Visa Sponsorship,Fluz,"New York, NY",https://www.indeed.com/jobs?q=qython&limit=50&vjk=22411c78b0830e79
Consulting Professors,Saylor Academy,Remote,https://www.indeed.com/jobs?q=qython&limit=50&vjk=edb0eb6a7ba31772
Full Time Opportunities for PhD Students or Recent Graduates: Data & Applied Sciences,Microsoft,"Redmond, WA",https://www.indeed.com/jobs?q=qython&limit=50&vjk=97ba8c5ac004f4e4
Machine Learning Intern - Edo,McKinstry,"Denver, CO",https://www.indeed.com/jobs?q=qython&limit=50&vjk=1f13f9d93143a29b
"Data Engineer – ML, AI, statistics",Computer Staff,Remote,https://www.indeed.com/jobs?q=qython&limit=50&vjk=ab1ef23753ea6439
Back End / Python Application Developer (**REMOTE AVAILABLE**),Vanderbilt University Medical Center,"Nashville, TN",https://www.indeed.com/jobs?q=qython&limit=50&vjk=dc3f0653d68fb565
Junior Software Developer,Frontdesk,Remote,https://www.indeed.com/jobs?q=qython&limit=50&vjk=174d9b9969224af1
Social Science Research Coordinator,Stanford University,"Stanford, CA",https://www.indeed.com/jobs?q=qython&limit=50&vjk=960b5306e21edf6a
Machine Learning Intern,Tech For Good Inc,"Boston, MA",https://www.indeed.com/jobs?q=qython&limit=50&vjk=e72d95634a1d3141
Instructional Designer,CodeWizardsHQ,"Omaha, NE",https://www.indeed.com/jobs?q=qython&limit=50&vjk=64ad5ec653dc4804
Python Developer (w2 only),Infolob,Remote,https://www.indeed.com/jobs?q=qython&limit=50&vjk=1b7ee070894bf1fb
Data Science Intern,Weir ESCO,"Portland, OR",https://www.indeed.com/jobs?q=qython&limit=50&vjk=7d556f2ef779b23f
Entry Level Data Engineer,Cognizant Technology Solutions,"Dallas, TX",https://www.indeed.com/jobs?q=qython&limit=50&vjk=445eb1bdd8c161aa
Associate Analyst,Vectra,"Austin, TX",https://www.indeed.com/jobs?q=qython&limit=50&vjk=1c0a29b43efc5e16
Entry level Data Analyst with Immigration Support,KGS Technology Group Inc,"Philadelphia, PA",https://www.indeed.com/jobs?q=qython&limit=50&vjk=db451251191d357c
Jr. Software Developer,TTS Solutions Inc,"Bentonville, AR",https://www.indeed.com/jobs?q=qython&limit=50&vjk=59007d5899cf3f8e
QML/Python UI Development Engineer (QML),UNIDIA LLC,"Raleigh, NC",https://www.indeed.com/jobs?q=qython&limit=50&vjk=eecbb395cd216f9d
"Analyst( Python, NLP)",TCS,"Pittsburgh, PA",https://www.indeed.com/jobs?q=qython&limit=50&vjk=8d7e556d70c9b7e7
Python Developer Trainee,Cndro,"Houston, TX",https://www.indeed.com/jobs?q=qython&limit=50&vjk=0cf2026f52be6bc9
Quantitative Research Associate,Cato Institute,Remote,https://www.indeed.com/jobs?q=qython&limit=50&vjk=cc7f5416b9009a45
Associate Solutions Architect - Summer 2021,"Amazon Web Services, Inc.",Remote,https://www.indeed.com/jobs?q=qython&limit=50&vjk=c167d2ca8f4405d4
"Physicist Intern, Physical Modeling",Facebook,Remote,https://www.indeed.com/jobs?q=qython&limit=50&vjk=ceeac7cf3ed92594
Automation Python Developer,First Soft Solutions [ Direct],"Denver, CO",https://www.indeed.com/jobs?q=qython&limit=50&vjk=b57e263fdb318bdc
Technical Program Manager,"Amazon Web Services, Inc.",Remote,https://www.indeed.com/jobs?q=qython&limit=50&vjk=5cbcba123b3e2ceb
Senior Python Developer,Ebury Partners,Remote,https://www.indeed.com/jobs?q=qython&limit=50&vjk=249fd45368894066
Sr. Investigative Researcher,PayPal,"Omaha, NE",https://www.indeed.com/jobs?q=qython&limit=50&vjk=9428fcfd4d988c35
Software Developer (Python),"Yashco Systems, Inc.","Hilliard, OH",https://www.indeed.com/jobs?q=qython&limit=50&vjk=8f5037f31fe9b760
BI Analyst,Runway - Switched-on Group,"Dallas, TX",https://www.indeed.com/jobs?q=qython&limit=50&vjk=5917e11f327a2024
Online Marketing Manager (Open to Remote),Indeed,"San Francisco, CA",https://www.indeed.com/jobs?q=qython&limit=50&vjk=2569367f74d8ce5d
Software Engineer I,"ACT, Inc.","Iowa City, IA",https://www.indeed.com/jobs?q=qython&limit=50&vjk=6d87f57a5df183db
Python Software Engineer,"JPMorgan Chase Bank, N.A.","Jersey City, NJ",https://www.indeed.com/jobs?q=qython&limit=50&vjk=7bd459d25096bbac
Quant and Trading Analyst,Invesco,"Austin, TX",https://www.indeed.com/jobs?q=qython&limit=50&vjk=1b224a42e410b788
Data Engineer,IT America Inc,Remote,https://www.indeed.com/jobs?q=qython&limit=50&vjk=ad70fc09a9a92f7d
Jr Cloud Practitioner,Lowers Risk Group LLC,Remote,https://www.indeed.com/jobs?q=qython&limit=50&vjk=3c24d8f8793805fe
2021 Sophomore-Level Summer Internship – Research (Class of 2023),Federal Reserve Bank of Dallas,"Dallas, TX",https://www.indeed.com/jobs?q=qython&limit=50&vjk=36b2bf65b8ded27a
Python Developer Intern,OneTrust,"Atlanta, GA",https://www.indeed.com/jobs?q=qython&limit=50&vjk=674e3ca04e2b664e
Quantitative Researcher,Satoshitrade,"San Diego, CA",https://www.indeed.com/jobs?q=qython&limit=50&vjk=e03228975073d43f
AI/ML Residency Program,Apple,"Seattle, WA",https://www.indeed.com/jobs?q=qython&limit=50&vjk=1cac7cb107e7d7a7
BI Developer,DSMH LLC,"Peoria, IL",https://www.indeed.com/jobs?q=qython&limit=50&vjk=c9900c18f155ebe7
Veteran's Admission Advisor,Coding Dojo,"Bellevue, WA",https://www.indeed.com/jobs?q=qython&limit=50&vjk=691ce090063af58d
Python Engineer,xcelebus,"Dallas, TX",https://www.indeed.com/jobs?q=qython&limit=50&vjk=f4933e66b66515ba
Quantitative Trading Internship Program,Geneva Trading,"Chicago, IL",https://www.indeed.com/jobs?q=qython&limit=50&vjk=63c10852c62729da
Python Developer with GCP,Digital Dhara,"San Jose, CA",https://www.indeed.com/jobs?q=qython&limit=50&vjk=2966b99515cb4524
Data Modeling Engineer Internship,MilliporeSigma,Remote,https://www.indeed.com/jobs?q=qython&limit=50&vjk=271d28be903aa035
Quantitative Trading Intern,ThinkMarkets - North America,"Chicago, IL",https://www.indeed.com/jobs?q=qython&limit=50&vjk=9bf963dcda82340c
Python Developer,Inter Sources Inc,"Irving, TX",https://www.indeed.com/jobs?q=qython&limit=50&vjk=a2414a6bf0e73530
"Data Analyst, Health Software",Apple,"Santa Clara Valley, CA",https://www.indeed.com/jobs?q=qython&limit=50&vjk=e2147824963b5ccd
Transportation Data Analyst,EBP US,"Boston, MA",https://www.indeed.com/jobs?q=qython&limit=50&vjk=ad3eb571e8a624fc
Python Developer Intern,HiPaaS Inc,"Pleasanton, CA",https://www.indeed.com/jobs?q=qython&limit=50&vjk=59edd249cc48d434
Data Scientist - Analytics,Acorn Analytics,Remote,https://www.indeed.com/jobs?q=qython&limit=50&vjk=3d5724ad39c214bb
Technology Linguist,"Sensory, Inc","Boulder, CO",https://www.indeed.com/jobs?q=qython&limit=50&vjk=e6dbf680b0931263
Computational Linguist,Emotibot Technologies Limited,"Boston, MA",https://www.indeed.com/jobs?q=qython&limit=50&vjk=714f668e68634c9c
"Entry-Level Data Positions (Data Engineer, Machine Learning & Visualization)",Citi,"Jacksonville, FL",https://www.indeed.com/jobs?q=qython&limit=50&vjk=d2e8a5eaac52a039
Python/Django Developer,Weems Design Studio,Remote,https://www.indeed.com/jobs?q=qython&limit=50&vjk=62b931a05b0305e7
Entry Level Engineer - Software Development,Halliburton,"Conroe, TX",https://www.indeed.com/jobs?q=qython&limit=50&vjk=1afd2858bc9cbb5a
Autonomy & Software Engineer Intern,Nilfisk,"Brooklyn Park, MN",https://www.indeed.com/jobs?q=qython&limit=50&vjk=114273333b98395f
Python Developer,Intone Networks,Remote,https://www.indeed.com/jobs?q=qython&limit=50&vjk=49ad9bcdba27219d
Product Scientist - Ask'em,Indeed,"Austin, TX",https://www.indeed.com/jobs?q=qython&limit=50&vjk=a7c4cc0972e8ba4f
Data Journalist Intern - 2021,Associated Press,United States,https://www.indeed.com/jobs?q=qython&limit=50&vjk=f4dd8a98c988150f
Java with Python,ConnectedX Inc.,"Carolina, PR",https://www.indeed.com/jobs?q=qython&limit=50&vjk=39f46ae54e5dbba8
Senior Python/Django Developer,AppEvolve,"Boise, ID",https://www.indeed.com/jobs?q=qython&limit=50&vjk=fb4c461293ad0c7c
OneDigital Summer Internship Program -Actuarial Analyst,OneDigital,"Denver, CO",https://www.indeed.com/jobs?q=qython&limit=50&vjk=d6aa50577e8d3fee
Data Engineer,Alooba,"Austin, TX",https://www.indeed.com/jobs?q=qython&limit=50&vjk=1e2305de745d4cd8
Sr. Full Stack JavaScript Developer,Securitas USA - Corporate Services,"Parsippany, NJ",https://www.indeed.com/jobs?q=qython&limit=50&vjk=674f70ceb4005d41
Technology Linguist,"Sensory, Inc","Boulder, CO",https://www.indeed.com/jobs?q=qython&limit=50&vjk=e6dbf680b0931263
"Data Scientist - Internal Platforms, Hire Signal",Indeed,"Austin, TX",https://www.indeed.com/jobs?q=qython&limit=50&vjk=5d3c9abb11f23d05
Lead Site Reliability Engineer,The CE Shop,"Denver, CO",https://www.indeed.com/jobs?q=qython&limit=50&vjk=1c9b302b8276e01d
Product Strategy Manager - M&A,Indeed,"New York, NY",https://www.indeed.com/jobs?q=qython&limit=50&vjk=421ac1a256faa8cd
Product Strategist,Indeed,"Austin, TX",https://www.indeed.com/jobs?q=qython&limit=50&vjk=1b633481e0dfc24b
Build Systems Engineer,Indeed,"Austin, TX",https://www.indeed.com/jobs?q=qython&limit=50&vjk=fc09d73f407c4e1c
Senior AWS Architect,Indeed,"Austin, TX",https://www.indeed.com/jobs?q=qython&limit=50&vjk=f8ef697052e8db38
Sr. Software Engineer - Python,Indeed,"Austin, TX",https://www.indeed.com/jobs?q=qython&limit=50&vjk=6ce6e3bdf6a0f704
